{"cameraMode":{"drawMode":0,"name":"Shaded","section":"Shading Mode"},"sceneLighting":false,"audioPlay":false,"sceneViewState":{"m_AlwaysRefresh":false,"showFog":true,"showSkybox":false,"showFlares":true,"showImageEffects":true,"showParticleSystems":true,"showVisualEffectGraphs":true,"m_FxEnabled":true},"in2DMode":false,"pivot":{"x":-0.29096993803977969,"y":1.21697998046875,"z":-0.23161455988883973},"rotation":{"x":0.035349342972040179,"y":-0.9513025283813477,"z":0.13026297092437745,"w":0.27855342626571658},"size":0.061303820461034778,"orthographic":false}