{"cameraMode":{"drawMode":0,"name":"Shaded","section":"Shading Mode"},"sceneLighting":false,"audioPlay":false,"sceneViewState":{"m_AlwaysRefresh":false,"showFog":true,"showSkybox":false,"showFlares":true,"showImageEffects":true,"showParticleSystems":true,"showVisualEffectGraphs":true,"m_FxEnabled":true},"in2DMode":false,"pivot":{"x":0.03662151098251343,"y":0.3394560217857361,"z":0.0006957054138183594},"rotation":{"x":0.04288587346673012,"y":-0.9542823433876038,"z":0.217874214053154,"w":0.20213191211223603},"size":0.6793891787528992,"orthographic":false}