{"cameraMode":{"drawMode":0,"name":"Shaded","section":"Shading Mode"},"sceneLighting":true,"audioPlay":false,"sceneViewState":{"m_AlwaysRefresh":false,"showFog":true,"showSkybox":false,"showFlares":true,"showImageEffects":true,"showParticleSystems":true,"showVisualEffectGraphs":true,"m_FxEnabled":true},"in2DMode":false,"pivot":{"x":-0.10500000417232514,"y":0.8973406553268433,"z":0.04015035182237625},"rotation":{"x":0.021100956946611406,"y":0.9384016990661621,"z":-0.3407203257083893,"w":0.056895509362220767},"size":0.45135417580604555,"orthographic":false}