{"cameraMode":{"drawMode":0,"name":"Shaded","section":"Shading Mode"},"sceneLighting":false,"audioPlay":false,"sceneViewState":{"m_AlwaysRefresh":false,"showFog":true,"showSkybox":false,"showFlares":true,"showImageEffects":true,"showParticleSystems":true,"showVisualEffectGraphs":true,"m_FxEnabled":true},"in2DMode":false,"pivot":{"x":-0.017262637615203859,"y":0.7871419191360474,"z":-0.18332046270370484},"rotation":{"x":-0.047797709703445438,"y":0.9488864541053772,"z":-0.24068766832351685,"w":-0.2003909796476364},"size":0.2651848793029785,"orthographic":false}