{"cameraMode":{"drawMode":0,"name":"Shaded","section":"Shading Mode"},"sceneLighting":false,"audioPlay":false,"sceneViewState":{"m_AlwaysRefresh":false,"showFog":true,"showSkybox":false,"showFlares":true,"showImageEffects":true,"showParticleSystems":true,"showVisualEffectGraphs":true,"m_FxEnabled":true},"in2DMode":false,"pivot":{"x":-81.95024108886719,"y":25.267902374267579,"z":-422.4991760253906},"rotation":{"x":-0.01808849349617958,"y":-0.15444117784500123,"z":0.0028299731202423574,"w":-0.9878402948379517},"size":4.1446404457092289,"orthographic":false}