{"cameraMode":{"drawMode":0,"name":"Shaded","section":"Shading Mode"},"sceneLighting":false,"audioPlay":false,"sceneViewState":{"m_AlwaysRefresh":false,"showFog":true,"showSkybox":false,"showFlares":true,"showImageEffects":true,"showParticleSystems":true,"showVisualEffectGraphs":true,"m_FxEnabled":true},"in2DMode":false,"pivot":{"x":0.39239126443862917,"y":1.342315912246704,"z":0.6877444386482239},"rotation":{"x":0.010488180443644524,"y":-0.9807790517807007,"z":0.056321531534194949,"w":0.1875125616788864},"size":0.059507060796022418,"orthographic":false}