{"cameraMode":{"drawMode":0,"name":"Shaded","section":"Shading Mode"},"sceneLighting":false,"audioPlay":false,"sceneViewState":{"m_AlwaysRefresh":false,"showFog":true,"showSkybox":false,"showFlares":true,"showImageEffects":true,"showParticleSystems":true,"showVisualEffectGraphs":true,"m_FxEnabled":true},"in2DMode":false,"pivot":{"x":0.13456588983535767,"y":0.881980299949646,"z":-0.08027517795562744},"rotation":{"x":0.005633335094898939,"y":-0.9918445944786072,"z":0.11841873824596405,"w":0.05056324601173401},"size":0.929208517074585,"orthographic":false}