{"cameraMode":{"drawMode":0,"name":"Shaded","section":"Shading Mode"},"sceneLighting":false,"audioPlay":false,"sceneViewState":{"m_AlwaysRefresh":false,"showFog":true,"showSkybox":false,"showFlares":true,"showImageEffects":true,"showParticleSystems":true,"showVisualEffectGraphs":true,"m_FxEnabled":true},"in2DMode":false,"pivot":{"x":0.002960875863209367,"y":1.6845136880874634,"z":-4.15931510925293},"rotation":{"x":-0.0393110066652298,"y":-0.021496322005987169,"z":0.0002644898777361959,"w":-0.9992023706436157},"size":0.4987737834453583,"orthographic":false}