{"cameraMode":{"drawMode":0,"name":"Shaded","section":"Shading Mode"},"sceneLighting":false,"audioPlay":false,"sceneViewState":{"m_AlwaysRefresh":false,"showFog":true,"showSkybox":false,"showFlares":true,"showImageEffects":true,"showParticleSystems":true,"showVisualEffectGraphs":true,"m_FxEnabled":true},"in2DMode":false,"pivot":{"x":0.40763652324676516,"y":1.159731149673462,"z":-1.6757855415344239},"rotation":{"x":-0.11382335424423218,"y":0.048746317625045779,"z":-0.008464283309876919,"w":-0.9926493763923645},"size":1.2051126956939698,"orthographic":false}