{"cameraMode":{"drawMode":0,"name":"Shaded","section":"Shading Mode"},"sceneLighting":false,"audioPlay":false,"sceneViewState":{"m_AlwaysRefresh":false,"showFog":true,"showSkybox":false,"showFlares":true,"showImageEffects":true,"showParticleSystems":true,"showVisualEffectGraphs":true,"m_FxEnabled":true},"in2DMode":false,"pivot":{"x":-0.028493504971265794,"y":-0.057971611618995669,"z":0.07155786454677582},"rotation":{"x":-0.35648322105407717,"y":-0.05593382194638252,"z":0.017918094992637636,"w":-0.9329125285148621},"size":0.13912421464920045,"orthographic":false}