{"cameraMode":{"drawMode":0,"name":"Shaded","section":"Shading Mode"},"sceneLighting":true,"audioPlay":false,"sceneViewState":{"m_AlwaysRefresh":false,"showFog":true,"showSkybox":false,"showFlares":true,"showImageEffects":true,"showParticleSystems":true,"showVisualEffectGraphs":true,"m_FxEnabled":true},"in2DMode":false,"pivot":{"x":0.05976295471191406,"y":1.1605421304702759,"z":49.705562591552737},"rotation":{"x":-0.0073321801610291,"y":-0.9658803939819336,"z":0.01543899904936552,"w":-0.2599766254425049},"size":1.4623268842697144,"orthographic":false}