{"cameraMode":{"drawMode":0,"name":"Shaded","section":"Shading Mode"},"sceneLighting":true,"audioPlay":false,"sceneViewState":{"m_AlwaysRefresh":false,"showFog":true,"showSkybox":false,"showFlares":true,"showImageEffects":true,"showParticleSystems":true,"showVisualEffectGraphs":true,"m_FxEnabled":true},"in2DMode":false,"pivot":{"x":-0.045776788145303729,"y":2.1644887924194338,"z":1.512829303741455},"rotation":{"x":0.02039502002298832,"y":-0.950538694858551,"z":0.07563550770282746,"w":0.30202141404151919},"size":0.8660253882408142,"orthographic":false}