{"cameraMode":{"drawMode":0,"name":"Shaded","section":"Shading Mode"},"sceneLighting":true,"audioPlay":false,"sceneViewState":{"m_AlwaysRefresh":false,"showFog":true,"showSkybox":false,"showFlares":true,"showImageEffects":true,"showParticleSystems":true,"showVisualEffectGraphs":true,"m_FxEnabled":true},"in2DMode":false,"pivot":{"x":-0.03945912420749664,"y":0.546942949295044,"z":-1.0981500148773194},"rotation":{"x":-0.07823089510202408,"y":-0.03613200783729553,"z":0.0018578042509034277,"w":-0.996492326259613},"size":0.7071068286895752,"orthographic":false}