{"cameraMode":{"drawMode":0,"name":"Shaded","section":"Shading Mode"},"sceneLighting":true,"audioPlay":false,"sceneViewState":{"m_AlwaysRefresh":false,"showFog":true,"showSkybox":false,"showFlares":true,"showImageEffects":true,"showParticleSystems":true,"showVisualEffectGraphs":true,"m_FxEnabled":true},"in2DMode":false,"pivot":{"x":0.8955036997795105,"y":0.7124291062355042,"z":-7.414233684539795},"rotation":{"x":0.007370938081294298,"y":-0.9586584568023682,"z":0.026300784200429918,"w":0.28388339281082156},"size":2.6284987926483156,"orthographic":false}