{"cameraMode":{"drawMode":0,"name":"Shaded","section":"Shading Mode"},"sceneLighting":true,"audioPlay":false,"sceneViewState":{"m_AlwaysRefresh":false,"showFog":true,"showSkybox":false,"showFlares":true,"showImageEffects":true,"showParticleSystems":true,"showVisualEffectGraphs":true,"m_FxEnabled":true},"in2DMode":false,"pivot":{"x":-0.3199431896209717,"y":1.295030117034912,"z":11.261381149291993},"rotation":{"x":0.02141556702554226,"y":0.03415077552199364,"z":0.002587089315056801,"w":0.9996264576911926},"size":3.475550413131714,"orthographic":false}