{"cameraMode":{"drawMode":0,"name":"Shaded","section":"Shading Mode"},"sceneLighting":true,"audioPlay":false,"sceneViewState":{"m_AlwaysRefresh":false,"showFog":true,"showSkybox":false,"showFlares":true,"showImageEffects":true,"showParticleSystems":true,"showVisualEffectGraphs":true,"m_FxEnabled":true},"in2DMode":false,"pivot":{"x":-0.1411806344985962,"y":0.14903856813907624,"z":0.039346933364868167},"rotation":{"x":0.03325887769460678,"y":0.1017189547419548,"z":-0.0022244451101869346,"w":0.9945579171180725},"size":0.8660253882408142,"orthographic":false}