{"cameraMode":{"drawMode":0,"name":"Shaded","section":"Shading Mode"},"sceneLighting":true,"audioPlay":false,"sceneViewState":{"m_AlwaysRefresh":false,"showFog":true,"showSkybox":false,"showFlares":true,"showImageEffects":true,"showParticleSystems":true,"showVisualEffectGraphs":true,"m_FxEnabled":true},"in2DMode":false,"pivot":{"x":0.5720670819282532,"y":1.1038649082183838,"z":2.4910647869110109},"rotation":{"x":0.07502088695764542,"y":0.09342542290687561,"z":-0.00611394178122282,"w":0.9931302070617676},"size":3.2978830337524416,"orthographic":false}