{"cameraMode":{"drawMode":0,"name":"Shaded","section":"Shading Mode"},"sceneLighting":true,"audioPlay":true,"sceneViewState":{"m_AlwaysRefresh":false,"showFog":true,"showSkybox":true,"showFlares":true,"showImageEffects":true,"showParticleSystems":true,"showVisualEffectGraphs":true,"m_FxEnabled":true},"in2DMode":false,"pivot":{"x":-27.955909729003908,"y":-15.903952598571778,"z":23.58144760131836},"rotation":{"x":0.11726577579975128,"y":-0.21164555847644807,"z":0.025585509836673738,"w":0.9699904918670654},"size":55.92950439453125,"orthographic":false}