{"cameraMode":{"drawMode":0,"name":"Shaded","section":"Shading Mode"},"sceneLighting":true,"audioPlay":false,"sceneViewState":{"m_AlwaysRefresh":false,"showFog":true,"showSkybox":false,"showFlares":true,"showImageEffects":true,"showParticleSystems":true,"showVisualEffectGraphs":true,"m_FxEnabled":true},"in2DMode":false,"pivot":{"x":-1.129531979560852,"y":0.34847941994667055,"z":29.6724910736084},"rotation":{"x":-0.019709952175617219,"y":0.03316196799278259,"z":-0.0034816376864910127,"w":-0.9996377825737},"size":1.7790961265563965,"orthographic":false}