{"cameraMode":{"drawMode":0,"name":"Shaded","section":"Shading Mode"},"sceneLighting":true,"audioPlay":false,"sceneViewState":{"m_AlwaysRefresh":false,"showFog":true,"showSkybox":false,"showFlares":true,"showImageEffects":true,"showParticleSystems":true,"showVisualEffectGraphs":true,"m_FxEnabled":true},"in2DMode":false,"pivot":{"x":-1.5748634338378907,"y":4.7402496337890629,"z":8.665956497192383},"rotation":{"x":-0.10752998292446137,"y":-0.35862788558006289,"z":0.03829532861709595,"w":-0.9269102811813355},"size":21.97029685974121,"orthographic":false}