{"cameraMode":{"drawMode":0,"name":"Shaded","section":"Shading Mode"},"sceneLighting":true,"audioPlay":false,"sceneViewState":{"m_AlwaysRefresh":false,"showFog":true,"showSkybox":false,"showFlares":true,"showImageEffects":true,"showParticleSystems":true,"showVisualEffectGraphs":true,"m_FxEnabled":true},"in2DMode":false,"pivot":{"x":0.8931301832199097,"y":1.4475607872009278,"z":6.4414472579956059},"rotation":{"x":0.00768052414059639,"y":-0.10643688589334488,"z":0.0016370606608688832,"w":0.9946063160896301},"size":3.9743645191192629,"orthographic":false}