{"cameraMode":{"drawMode":0,"name":"Shaded","section":"Shading Mode"},"sceneLighting":true,"audioPlay":false,"sceneViewState":{"m_AlwaysRefresh":false,"showFog":true,"showSkybox":false,"showFlares":true,"showImageEffects":true,"showParticleSystems":true,"showVisualEffectGraphs":true,"m_FxEnabled":true},"in2DMode":false,"pivot":{"x":1.2666631937026978,"y":0.7566941976547241,"z":-6.134050369262695},"rotation":{"x":-0.0010935856262221933,"y":-0.9994803667068481,"z":0.027292147278785707,"w":-0.02559392713010311},"size":2.6284987926483156,"orthographic":false}