{"cameraMode":{"drawMode":0,"name":"Shaded","section":"Shading Mode"},"sceneLighting":true,"audioPlay":false,"sceneViewState":{"m_AlwaysRefresh":false,"showFog":true,"showSkybox":false,"showFlares":true,"showImageEffects":true,"showParticleSystems":true,"showVisualEffectGraphs":true,"m_FxEnabled":true},"in2DMode":false,"pivot":{"x":-30.79054832458496,"y":1.2136794328689576,"z":0.75733482837677},"rotation":{"x":0.002489616861566901,"y":0.6234631538391113,"z":0.0011932442430406809,"w":-0.7820996046066284},"size":4.091808795928955,"orthographic":false}