{"cameraMode":{"drawMode":0,"name":"Shaded","section":"Shading Mode"},"sceneLighting":false,"audioPlay":true,"sceneViewState":{"m_AlwaysRefresh":false,"showFog":true,"showSkybox":true,"showFlares":true,"showImageEffects":true,"showParticleSystems":true,"showVisualEffectGraphs":true,"m_FxEnabled":true},"in2DMode":false,"pivot":{"x":-49.83604049682617,"y":45.940467834472659,"z":276.4703369140625},"rotation":{"x":0.07134230434894562,"y":0.08938121795654297,"z":0.0064242067746818069,"w":-0.9934440851211548},"size":149.33367919921876,"orthographic":false}