{"cameraMode":{"drawMode":0,"name":"Shaded","section":"Shading Mode"},"sceneLighting":true,"audioPlay":false,"sceneViewState":{"m_AlwaysRefresh":false,"showFog":true,"showSkybox":false,"showFlares":true,"showImageEffects":true,"showParticleSystems":true,"showVisualEffectGraphs":true,"m_FxEnabled":true},"in2DMode":false,"pivot":{"x":0.4353383779525757,"y":0.9452821016311646,"z":1.6085350513458253},"rotation":{"x":-0.17542500793933869,"y":0.09083887189626694,"z":-0.019170889630913736,"w":-0.980491578578949},"size":2.6701314449310304,"orthographic":false}