{"cameraMode":{"drawMode":0,"name":"Shaded","section":"Shading Mode"},"sceneLighting":true,"audioPlay":false,"sceneViewState":{"m_AlwaysRefresh":false,"showFog":true,"showSkybox":false,"showFlares":true,"showImageEffects":true,"showParticleSystems":true,"showVisualEffectGraphs":true,"m_FxEnabled":true},"in2DMode":false,"pivot":{"x":-1.8072562217712403,"y":1.1538727283477784,"z":-2.86639404296875},"rotation":{"x":-0.0036458822432905437,"y":0.9946333765983582,"z":-0.04968039318919182,"w":-0.09389890730381012},"size":1.569370150566101,"orthographic":false}