{"cameraMode":{"drawMode":0,"name":"Shaded","section":"Shading Mode"},"sceneLighting":true,"audioPlay":false,"sceneViewState":{"m_AlwaysRefresh":false,"showFog":true,"showSkybox":false,"showFlares":true,"showImageEffects":true,"showParticleSystems":true,"showVisualEffectGraphs":true,"m_FxEnabled":true},"in2DMode":false,"pivot":{"x":-1.845517635345459,"y":3.1149065494537355,"z":-32.65464782714844},"rotation":{"x":0.24536685645580293,"y":0.34435680508613589,"z":-0.09004949033260346,"w":0.9021937847137451},"size":0.11763672530651093,"orthographic":false}